-- phpMyAdmin SQL Dump
-- version 4.9.1
-- https://www.phpmyadmin.net/
--
-- Host: 127.0.0.1
-- Generation Time: Aug 27, 2020 at 07:26 PM
-- Server version: 10.4.8-MariaDB
-- PHP Version: 7.3.11

SET SQL_MODE = "NO_AUTO_VALUE_ON_ZERO";
SET AUTOCOMMIT = 0;
START TRANSACTION;
SET time_zone = "+00:00";


/*!40101 SET @OLD_CHARACTER_SET_CLIENT=@@CHARACTER_SET_CLIENT */;
/*!40101 SET @OLD_CHARACTER_SET_RESULTS=@@CHARACTER_SET_RESULTS */;
/*!40101 SET @OLD_COLLATION_CONNECTION=@@COLLATION_CONNECTION */;
/*!40101 SET NAMES utf8mb4 */;

--
-- Database: `ams_db`
--

-- --------------------------------------------------------

--
-- Table structure for table `admins`
--

CREATE TABLE `admins` (
  `admin_id` int(11) NOT NULL,
  `admin_name` varchar(50) NOT NULL,
  `admin_pass` varchar(50) NOT NULL,
  `admin_type` varchar(5) DEFAULT NULL,
  `admin_image` mediumblob NOT NULL
) ENGINE=InnoDB DEFAULT CHARSET=utf8mb4;

--
-- Dumping data for table `admins`
--

INSERT INTO `admins` (`admin_id`, `admin_name`, `admin_pass`, `admin_type`, `admin_image`) VALUES
(1, 'admin', 'admin', 'super', 0x89504e470d0a1a0a0000000d49484452000000630000006308060000008f3bbe95000000097048597300000ec400000ec401952b0e1b000001396943435050686f746f73686f70204943432070726f66696c65000078daad90b14b02610047dfe7214506395c61b518b43804610d458365604b834ac32915745f62a1d671f79511b6d5d076b8d514e1d8d2526d0d4d51d0203444ff404343434e810d0a274143d09b1e6ff9c10f7cbd4559727c41286d293bbd100f1b996cb8eb15c1201a11a6d7a463cd25938bfc4ae31901501f2bca92c3dfe859cf3912f80256a5652b10cb40a0ac2c056203d0cd82a5405400dd363259102ea0e75b5e0374b3e537806e2fa5e7413c02b3f90e373bbcbd0ba0c928ff8ecaed2980441c8c4c36fcf32baf6903a04d80afe6b5ed7398fa04cdf59a7902d747107af1dae819f41dc2d593dcb177dbd343c083b8d7a4bfda5d083482b1fed4f0e4c847c48d8666aa097faabcf25eb0f6fdc797a7958bcddb83fadddb78b3f90dde41537de6467d38000000206348524d0000870a00008c0d0000fd4b0000813f00007d760000e98c00003ce5000019cdb0dff517000048264944415478daecbd779455c5d2fffde91d4e987326cfc00c39e79c240c0202020a8aa022d100a82413e68801010328a8980523880a8a8a2879901c24e70cc330399cbc43bf7f1c44e7022a3e3ef7dee7b7de5e6bd69ab377efdaddf5edaeae5d5dd525a494fcb7979ff6ae975f1f5acb91d2539c2cce262b984b5e692e48037e6dfeeffae14948a07c4c32d53d69d470a7d3a8622dbad6c8501aa656fdafeeacf86f0363d38eadca9c7d3f355abb6773c7353b336fc22ba04a5ac695c9ada9a4265031ad1cf52a55a76a626592bcf1b87427baa6236d1bc336c92b2d6473fe0ef2f2f2397e26879c4009bbb28e72e8e4a6d5d81a5512ab6dbda1e595ef76abdf616fcf965d23ff3f18ff523e5fbfc8f3d62f0b6f5cb6fe9bdb70a8d44e6b90716bfb6bb8a161576a55acf38fbde754ce5196ef5fc72bbf7ccee63d3b5613316958a7f5d221adfabcff7097a1c7ffe38c9052fec7feaefdf0e17edc562f531fd578c9b059e3e5c613dbe5bfb3ec3f73444efc66ba8c79acc337dc5c29b3e7b4310333f76c52ff53fcf8b7bf70dec1359eaa53ae9dce90a4cc6bdfb84d7ebd6b89fc6f28db8fef9037ccba5b32223dd3fb409bf9337efab0fcffb3607cb46f795cfa841eef30a46ae6f8f9536449a454fe3796b034e4c44533257737cd14f775c87c6fe59789ff4f81d1e0d99b26b807d7fdee99f9d3a43fe4fb479876f4e82139fdd549ffabc07c98f9a5748e6eb998c73a662e38b0c6fd7f1a8cc1739fedce2d153247bff7a094b6fd8f326acfee1df2956913fff6f3bf6cddf897eb3eb8e045c96d55335b4f193afeff1c18997b36aaead8d62b521feffae1c1ec43ff08f30f1f3a209f7eea6139f9f9a7ce5d9bfdc19bf2d4a9637f99866144a494528e1d7d8b7cec91072fe9fd6628207bbd3c6c2077d4ce7c6ae547b5fe4f80f1f047531a30bc6ae6c35fbc70499db56df3bc6bafcd78496edab85e3ef5c4a3129002e4138f8d3f775f5790070fed97524a79ead40909c8d4048f7cfbad57a494526ed9bc49a6263a6446dba6b27c8a2a4b4b8aa59452d6ae9e2c0f9f7dee82eb463078d17bef647e22636f6b38bfdd7343c6fd5783d1f0c95e13d2ee6ffbcee6d33b2f09884ae95e09c8debdae905b366f94057967a49452f6b822437efad107b2468514f9f927b364aba6f564a78c9672fddad572c5d29fa43706b96fefee2818592725203ffef00319d5d8a56cdea4867ce2b1bb65c7f62d65cd6aa9e7def7ebfd0b15d4e8bd975eb8b8080c9b41d9eab9ebc6278c6d3b67c7e9fde2bf0a8ced47f609e76d8d16b79bdc6f9c25ad4b02c232231290afbc38594e7af60909c82143af95524af9f24b93e4dd778f925f7f354702323ede25636335d9a7775709c8cf3e9b758ece0b539e96806cd9aca1743aa20c1d33ee36e9f2209353e365af1e9da49452eed8f18b6cd9a2417494bffd7a99b62cfd6991ecdea5adcc3e9d2593e3d53f6dfb88390f4a31b456e6876b16c5ff578091b96783caedb533877efef8798d2d28c89533a6bf2aef1f7fbb7c6dfa948b766ae992c5d2a9226b554d95bed262e90b44d5de37df9e21c78cbdf55cbd375e7f550e1ed4efbce7b76dd920bb66b4909bd6af910fdd7bb73c7ce4e0b97b0b172e903ac846752bcbebfb5e29aba627cb8f67bf2fafeed655267a540948af0b79e2c451f9d00377c9f7de9929a74c9a201f183ffa2f0da6e9cb3f948cae9639e69b975bff47c198f7f3771e6e2997f9e4ca997fdae813c78fcaae57b492470e1f28737dd5ca1fcffd1f1f839c3269c2b9df03aee9218d4874d135cd881c3ce05a691ac65f9e75112324478f1826afefd54b4a29e5175fcc91cf3ff398740b24206fead753cefd6c96dcb861ad9452caea5552e5f163476546bb2672f9f29ffef27b369cd822e346d69b37e2c38919ff1130de5efe71328353323fdefcd52589a56e5d5acb702874eef7c913c764fbb68d65ff6b7b48401615e64b29a52c292ebc288d82d2427928f7885c7f68935cbd6f8dfc62c35772c59e4cb9eed046b9336b8fcc2dce959148585a11431a81d0f9a2d132e5fc2fe7c80e97359480bce6aa2be5e4e79e3eb796fcd19a72d1c1967d5c7267ddccae1fdd7debbf158c6fd72d712983caaf98b5ebb3bfd4d0ebfb7597cb972d3ef7fbae71c3cbdc3f79e2a89cf0e4c3321c3a5f8bc9f315c9cf32bf9437bf3b4e369fd05956bebb818cbba3a28c1f535956b8bbbaacf74023a9df9828eb3c584f561b5759561a535126df5941961b5549663cd9590e7b7d947cfea7f7e489fcd3176ddf9c4f3f920fdd7fb79452ca4d1bd7c886f5d2cfddebdba7b3dcb471ed5fea6756d171e91d5967fe5db39f6ff977f87ac956db8d07b6296d265ebdf2c351af650cbdacef5f7a66c98f3fd0bd472f9e9bf8048f3dfa0c33df7c955177de7dd1fa7b720ef3f9daf9ccd9348ffcbce354d4dd5449f450d5a9505f95a461e3d474bc5a0ccb0f805db51d45dbbee3e6cb1c94f84a381193408ead122929e5b83fc00ae9e1b4af94f8c414ae68d1835bda0ca0539516177c77515101090949008c1c3e885d3b76b322731d53a73ecfbde31fc5e970fd615f0f159da4ce3d9d573ed1f79e1113fa8e3df8bf6a4217b757cd1c7bc3a88c19dd1ffe4bf5b3b24e50a14265a4b471ea2a7bf7edc7e9d4292929a67e83a665ea7ebf79290fff388dfd59bfd038d64bc77837cd7583ca0e839412154f38486cd0874375e1932a4723092c0e37e2e9d73f66fe7b33f02f7f932ed514e283c7c98b8947e00445a5d40ddb3c21f6446c561544d851a410ebadc9fddd6fe5ae6eb79dd7e67028c8871fcce4f6d1e3b14c0355d3a957bb22017f801e57f562dab437f078e32f3ef8f6aea1fb8b43577f71e79b3dfbb7eeeeffabbc552e0588f87b5accebdff5fabf0c44696931756b56e1d4c9a308a1b076dd5a7e5afc0d152b55a36ebd46e7eabdb0f223bc4f77e0ce8f06d22eb89d4f2b25f24eac9b870b4ab8e1642eed0e9d26219085dbcc4128a5e4098b5371e598b733c8d3afcfa2302cb96ef8384a1c0d29c877127228281463890096594452601f9df28a78f8b4c94fe154be2e5799feb1f94cfbe94152efabc9c04f1f23f4bb767ff6e92c0eee3f8094923d7b7603f0d41313399e55487a7a8573404c7cfe31e6cdfbf0bc7e77abd79ef7474dcbb8feadf13f6ccb3a24fef199d1f8b9fe4fba55e9dff0c8572f5dac8e655bacc95cca9e3dfb59fcc3772cfee107840285c56134ddc1993359c4c727e072c544b7530ffcccf0794f21b37631a04202d7a826757da5207d68a682903a01c541b14b252560e2350c6ce9a624a1012ffe708827bf5a4e427a3a0a3a05401226e33ab4e0de2bd248886c055b6088386264168e7012a54e41618c4d48583855287424b1c2820ff3f33860bb79fedac7b8bff3ede7f5ebdefb46f3cab49964b46d46e6daade7aeaf5b9749426212f5ea36bc203faefbf8417edcb266a17feaea6bfe3130267cf75aad894bde7fd378795357948b4f26cb34d074070d6b57c5170873ec5436070feea766cddae7d5bde9d53b59b06719fdcbc3887837cd73b3b06c49aec34372d826a25a4801ba6de0b44c4a75278ab0d0f404e6ae29a6e5f8f769d1a3376e60ccc0eebcf0f14284ea2270328b27065dcec42bf330fd010ab46a3828c5651ad8424120502d05dd5608e9367ea7203b2e96457ef838274c6a7a73368c9f87e6d00805032cfefe6b5e9ff906c78e1c2026c6c52773bea141c32634ac5b913bc6dccd5d773df887bcebf8dcc051d2e952573ff0c1ebff6330569fd8ae767ce29a158b1ffd28e3ca3a1dffd22cda766017cdea34e2fb2fe6d2abff8d48e0d7b9baffd4513a4fbb812af2280fa426d1d208621b264ec3c261812a05a62a91760c96ea43238416492237a9884a7949ecce49e587e61d79e2fe9701786ecafd147ad7b37b9b60d1dbab0058fec3d72c7b6f2cf7d677e12d2ce444423c0ebb18d5162868602908544c55e034c338a5c5e9780f1b9392f8ead831d6845ddc3be0691e6c3f82fc9c5c4ee41fa759fd967cf1d55c6ee87f13d5aba711ef8d65ebf6fd7f2eaa23a5c4ddd578f5cb23a70fb8afe53559ffa335e3c617ef7af3c19e23ff1088b7df9ccef5fdaee4e107ee62cdcfabe8d6b011f78e1f4bfb1e3dd154710e88d9ebe6d160727bbac40779a5426d5af82c4cc304095228588ac052245244406a68560c02907a1131418d2c572af34fc973402c59fa3d7b0b9652bda542dd361a135e7a0c802e3daf25be7677b6e6c460b812898be4225000054b486c0108890d988a8aa9d8c495fab92cc7c7c329d518929ec494b90f31e0a37b492e974ab3fa2d01b8bedf004e9f3ec5c68d3bd8ba7d3f236e1d881082bbc78c2418f423a57d1e6f621db1bc7bf30b19e3a7de3bf77f3433c67fff5ad3594b3e79307feada417f44e4e7d52b78ffedd739753297ed3bb6d3b15543e62eca8c8aae8881ead079f8cb497cf2e34b0cae9fc0559a49bda37ee26c17792e105222b0ce7add481411448da4a34889edc8c15643a8a21e0f2e3fcd1b99677087213b70903ef77462f0d8ba145a9b88576bb1619ec298be4fd1b1431f0046f5bc9c3b5b422d7333458a1781404a0521248a04cdd6b08489a18550b171857534347292bdfce0f0f04c6e0ed55233583f7ede797d2e2c2a24293189352b56d2b173272ce0e0813dd4ac55ef823cea3d73f84d7b45b8f5c13b3fbeff6f81218655cb5c31616e46a71a97fdb1285bbd8c6b7a5e0d42253535897d87cb3a5af47e7f043f1efc861949d5199c97cd19f769c2aa4e6a89175be8482408eb571709a412428ba4806211d22358ee78e62c2ae4bab7be24b9510752809e831ad079744dc2ecc5d6cfa0db5e928c96cc79731b9fce5c415a7c0d64c864dc159598706579ec480ed80a128910360a3631110d4b312972d9189a856e81dbb0890d2b94ba13595ebe3c934e64e14baac9e147969dd7ef668dea71f2f869e2e263397ce2e41ff2e87420970ae31baf5e3afa8b2bae689c615c9298eafae21db776aed76ad6ef81282a2a64eddad5dc3e7c30870efd262f9b356d457a7a1ac53e3f4b56ae2c43e79ad9b77164cb42e6c457a063388f203e62c34ee2023144140d1b1002341b1c16384d506d074229c5701412707959bbd34d95810f50f72c10b78d1fc0e5375602fb109aa5a185aa204d2785e621fa8f6accedf70c45c34477698c7de333def8d9c0a3e9d1992140481b21257e6788b02a893154e2824e5c8603c57253ead0b14411bd8e1e6366b974ca956ce7f2676e3a8f47ab7e5e4bb9342f4f4e7882be7dbaf2f147ef5e148cf498549ebcfa818cdeb3ef5b70496bc6fa93bb94655b7fbc6dd69857ca504f4848a462858a9c3e9d457272326fbc362ddaa835abd97df0284b972ca272e5eae7ea8f5ef002dfeff994e7d32b935110400ffac9713a088a78906e4c55c31651016503b690d88a8d255d38d5125c96e48c2f899dceea0c1a3b1e800f3e7f1b2bed1762d20ab0ad085231104a10219da04a02f63eda5ce566cc43230068d4ac0b0dfb0de7dbe34ea4aae1b5fc588a4e5855412a2852c1610a620c8127024e5347da8998763c967052b5a0986909953859b28d9b5f1b56864f71f1898cb87d34b78eb8132b2c183a6c2407f6eeb928204ff71e4f281c8c9bb1f2f3b4bf2ca6da4c1d32be81a7fc4bb3ee78f9a2840dc3c4e1d01937ea0ed66c5d43cf2edd79eef9dfea7fbef527ee98359c2995753a061492fd25c458412402840409a6a213503d086981004546d70dcdb051d420614f7d9e5fece7b535bf800d7b8f1ce49e2937d0f3560f013317a4139400a0605b1e84b451153fbaa8c4b6e585f46efe2437f6be09048c1fd28b2155f2a8619f2028155411c4160a264e4454502285409106aa0860213075b090e812b67b5b71c7892df4ed741f33ae7fba0c2f7a74edc499ec338c18793be3ee1dcfca153f7079a71e17e4db1b2b3fe18139af2df4cf5c7bcd9fce8c4da7f7281b0f6ce83b75c8e37f2803755d434ac9826fe672cfb87bcb0091575cc880cf6ee6f67495fe057ebca12282c24b899a864f4dc5a7a41210c91878705901743b82260d90028182aa4028b11e2f7c7b84299fff848586add80cbfb73fd70ca949449ec1b66d8400c58ec10a24a05a3a280686ed241209d0ee6ac99bf3ee61df816c005efe78116f2fc9a524a6160a0e5ca6896e9ba884114410c204ace8fb4d0fbaedc5198ec5154e408bc4d325672f77d76fc89babde67d6baafcaf062f1d2956cdbbd8f43c78f22a5bc281000a33b0d46b3acf08c155fa4fd29188f2f7c7d50e3ba2d32923c891724b67edd0ae6cdfd1880679f7e08c38c3064d0ad65eaf47f79307ddc70bb6910d20c3453906cfa90321f531661297e2ca789a94b842b11db9580e94a27e82a8f5f2f47765c13de5e9dc3f54fcfc253a9022a82dec33b71c3d83a142bdb3008a10a1d694730036e32ea5f8712d29044b03405a906c98b1ce5fabb1a3378fc1580c404262dfc99890b8f93ab552327b62921bd2aba48c1295270585e62a50725ac624b1d336ca39a360e2382d38c70cc5bc2b8233e9ef5a670dbe7e3c80f1595e9b3cf5fc237dfcce5c7c53f50b54212c78e1dbe2820cfdf30f6fafb7f9836fb4fc59418523973f38b3f66b448af7f41427ebf0faf3796ba35d3494e4ae1bbc52b48484c3a777fd85be358bfff4bde4f4fa64ec11972d5381271116fe723854d5038094a27c5618bd385610e17c691959f87df3248aed408c3a5e349a847f38e6db9a2dfcdd10132e56ec2e5769054338fb09a852253d14d15452bc52caec0e8ab5fe4b3e5cf92afee22a239715b2621e251841f6fb0326b3f117c396b3911e0f0d60dacfb7426c7f273d1c33e4ab3f62122165592e2a95ade416a8a8bb8d808c20ea08b100e6160cb087e23912a4511f65549e5f1dc020a639af2f3930bcbf0e6c17bc7f2e22baf53af465574a7cdf6dd1777df75de51e7c705633ebea6579336e15faf69bfaff0c277ef56ae51a5f6fa16e9f5332e46c4e3f122a564e00dd7f1cbd60d2424269dfbc23e547882f93b7fe689fa75a992e3232b9ccae96c9595d9073960ab98a222c9951aa1785c2455aa43e55635e854338d7a4ddb801e77610be8bac51ccaf99956ed5d04950234e1449a318085252db01d64e5656318016ccd02a92085813052c15582127f806aadaa3175f203dcf7f08bd46cde867acddb9cf79e634737b36dd33a761f3e45e1c113f87c414af28f10f21d2421ce4357979bc32d1dc413606c723dee3c7e9aafb6fc40bf163dcfd1b875f8edbc3efd755e7ee545aebee6c6f33dec37afa355cbb6d141dbbce795537ffa7840af266d3ebce0ccf08ceff4cda4ebeeec7357c6c08b22fac9871fd0ae43076ad4acc390013d993af56dca55ac0240f3a97d39ba762fe3aad42426a251bd7a2b526a56a745b3962456ad0938fe9af9d22c64cbc6fd6c3fb587d93f4ce2ea5bd330e469a429506d0158d88ac0520d12c2cd18d56d0a1fff3c89e3ac44d84e10e1e8f7b6e540d82ace1883dddf54a47a7a1b2e6fdd9d364d2e4777ffc5b6605378e6045bd76fe1d4e90314ee5a474098bc9f7b12b3bc64ffb4cd68bf93f6ddba5ec6d2651bf8e0bdb7b8e5b6a8d171caf34ff0f063cfd1bb6f573e7c7f2e8989c9ec397980068f5cb95a7e74a4e305c11083aa67063fde97e1527e6b68bf6b329831f3332a56acccb4979f63fcfd4f50bd6a0a878ee6b27dc706ead66d82d3e1e2bbddcb18f1c1cd743be6e6d5d95b48727b31ff75eafdae14870b58bf713dfb0f9e60dfe18df8224728f01fc6173e8653ad485a5517c91514aad649c01fcec5463dabfe46ff4020ad225ac5f7a677f3f7d87964095fedb91f35e124c24a02048a2d509048a9a0eb36a5f92a270ea8641d51282dca213db122b18e143c8e446a556d4483daf568d0a00515d2ab5fb0cd0120e65743e7a0561c2b574a954ed731f7bac917acffe843f730e98557b97dc400de7a67ce79f72b3cd4f1dd713d474e7ca4cbb0a365c0b8e5ab67bb9c3a7c70d94ff747d7958307f6b06ae5321e79f87ecee405a3724e15cc9afd0e83868ee4f8f1a354ae5cf51ce1faaf5c417dff09c62b55d896dd84d1af4e03cb626be6cfacdbba966da7b7e033c314f9b328f51f263ec54b5a452f15ab9627a55c1c2601841ac494214ce941d18b316501d2b651ec58a46d62aa1253088402aa29c1929437ca33e4f29b59b8e16b761b7bd03d4e94b0191d5c67c11308c24a005d7123a4135dd1d15441c4561138d14c0fc17c9b9ce3059c3e59426e41111a5ed212ebe051752aa7d7a7519dc674ef35342a6ebe99c3f1af9fe5483d2f4f16e4634c3a7876d0fd66121d75fb208a8b7d7c3af79b8bceb907be99c2577b36bc7ce8a12fef2fb366ccce9cfbcce7837f43b856edfad4aa5d9fcbda7600a067f70ed4aa5585b5abd7d2ac51ed3240fc727417d98736f24c952ad42d3ecec2ddfb08f3381135998f96cfc7dd209b3aed8b70d825048d109a331d5386909422ad6c8a6d0d299dd83891424112445821840081031381a2082c214180db56504b43a4c727d1bb4d3246de03746b12474c562c3b8f00312a42d858c2460ab085896ac7614b0394122c19445a06862a9128289a869ae624355d27adb5038564546c743b1b1149415807f9e0ddb55c7b168c45b3a7f2487d3fc76c8b8f4285cc5e3e97e15d06fcce360d9dbbf4e496a15105e48a8e2de8d9eb5a1e7cf4a932600c6cd98b97be9e79d9f9aa6d69315d1ab48f4a49db22148aee16366cd42c3af21b3461f0e05b78fbedf7797e72d98fc12717bf4edbe40a3488801629a273b904567dbe000f30f1de47f965cd120ce518c54636112d448919c26fda442c27c24e4121018403898d2d4c3451842225c276624b05a9fab184191551d884fd416a96afc6150d6b218eae202ebf18f7c9225a27a6d3b97625fc1113290542086c61632b125dfad16404cdd2508d1444a41a5e5f35e27c15f0045371053da8210dcbb488283601db4f5818046580adfb76316c5c74df22ebf0514c998bc426bd2497ab932bf0c8f7d3cf1bf503060e2364c1dc391fb17cf5567af5bcfabc3a2d2a3601a783e5db7ed6cf81f1d19a05f1944f222526aaa22a8aca944965bf32a7bd3a134db7094be875759fdf64bf1160e1be25dca86b24468e604985a64d432cfae85514c09d904abadd0ac5d7004d8d4398060ed3856e7b91b68d65836d8362abe8b686d356114672d4dcadf8509c114c4b410b4530a44e24e8a1636a2dba251878f72e40f587280ea5e2f6abc41dd940fdf0298626b5a0c08ac32f82a444ce6085556cd58dadc660690e2ccd40d5f2b11d3e4cddc4d24c2c35ca0e212c6c5320ad4a84e4193c2e93ec8d09f4ebd08b5260def4c7b9bfa6c46f084cc5457fcd24228ff0d5beb5e77832eff38f58f2d3b7dc3df64e060f1c46cd2a69346ed1ea82a2eaea46dd3366fdf263c6393032f7ae6fd8b346bb32eaec5df73cccb34f97ddeb7ef09167397efc50996b5f6f5a441505ea38bc28860353052d2f40ba1ee2e09ea89d66d08011ecdb7c30ca75612285891436bfee74087176868ba87bb3d0f231140d53a663e5c552cf5199bbba0ea351248e2b939269aa95200efd8c1e8810f23908864214fb8a100684738bf11adbe951ad0a957c29dcd8fe56da976b8ce10f222d8129556ca1622951111f957cbfedb908a90102a116a14841699e46fb567d000d1538b967338aaee094118aed30e9a6c2658e38bed8f4fd6f0b73854a78bc098c1e7b1716d0a56bb78bae1b19359bb16ad7ba6bce813177cb4ff70e6a52f681c4c42486dd7c07fdafebc1e6cdebcf5daf5cb9063e5fc9b9dfef6ef8980caf42ad423f8aedc0502d124de8d9389e4fdf78342a3333fa736c4b29313215a10a2c350cd242f99d943ce73f0458282896132d60d2b2bc9beb1a40e8e07b0c6aa7532778087dcf695c055551f2ca218a9c048b346450413f534a726e11eebc63543a7a80614d5aa11dd94b46f9635c51a71eee4004dd52b1d1b1cf8ab1f32c735289eeaf083f1e358595df9e60dcadd17e2c7a6f3a9755d350ed00ba1d42d154924b7df45534e6edfa86f0596a1d32bad0ae5d0675ead627394105ec8b82d1bb71278e1ededbea1c182581ecb40e55cff723aa5aad3a5fce5fccce1ddb197fdf9ddc77f758a64d99c84f8bbf8d1a0b813d277670991bbcc112c28a866e1b04a44db23c4360ffcf98916843bab51f42c9e9181419831416080b45dabf0be3fed599cb4611c9b84b8364948ba15dba49e9b195c446aa736c750ed6b142ac400ef9e204797698ecfc34ca351d4d8eaf29bed2386c9f8d9aef203eeb08393f2fc6ab94103cb595c6968fce952ae2f485d04c81b0550ccb8acecab2688030506c07225889f2eec6c47ba28366dd97efd2aa8a8eb40d4c4525c600498086ba242e52c8e2531bcfe3e1ac0fe7b27e5de645c16854a10e3834e6646df06a3b738e0b9c50a35c8d8b3e70f32d238191e75d3f71e638f803d4aeec4595214a1d6e2afb2c0add2a71762e57564d63ee5bef3278dced3c34f6697aded694ae2363b1651015f3ac68501152024a74af018ba015a4437a122d55056b470e564c15fcbe10c6a1539453246a2486dca0245b4fa2cd4d3308c775a06ae551ecfb6424eea24d94570c6295524c9fe0e0f6442a566b85e3f4262a26d5a16dcdda2c3d7a003d46475115ecb3aabdf8755408132122e8763abfac2fe5f6a1cf46f7ee77eca58a968b2728b11530f090188a90151f20c511a181a5b267f72eaea9d8a6cc6cefdda73fbdfbf4c7b66d948b387324974fc9d8977bac543998bddfc6159ff177c29617ed5a4a95d838aa15ebe4780d628d08a5ba178f554ac048a15aad007bbffde09ce25625b5116aa8022836112d82259d28d2a4488f41514b88b30a30cd58ca79ebd14ef861e74e7cc10a38d59a84366fc5118a23187061078b280ed6a7f5a04538e21ae03425aa5a9126c3dee4747c07c2794164491c7e532379c719423909044209d8a7f75229e7105dd31b110c1b84b5304ec3c01bb6b01593881ec1142e0c358ceaf053b029960eadba0336b3663c4f9f66c9289100255a3caa2826a45aa4943ad14d8b060ec982033f96b5f3fd6eda297fe055d3a3e665ec38b21f657dd636ca95abfcb762c8d71fda4c5a8c13b725b114896ed99842c1144e40c71d29a6a29ac58ead07b0811143c6b071d5215c781148229a454493c485248653a7585748b73df4533c4436ed4429b549d42b7266e96e64c48d3b1f44ae83bd25e5a9dff771346f6d2c3c38b031014ba472f9804738aad742c9f3e02cf583f491f5f32654d765c8a258b4a37954ca09d02aae11565825a409fcbac052ceea10b6852a154a722caee8da2f6a913583848eaec26d97a24a1b8940483015506d05d5965474b928f4e7fd2d3ea6c4c473dacc4539152ca66385267f8bc8c19c2354762a38ac308a549028a8d8f8d45850c2384ac2f46c9dc2676f4e4601da34cea0e0b882db4c459502438f10511492c311fc8683888ce3aaf2b5e0db85384a554a225ef24e16e33e29f097a6e02ece2398eb27b5db245cb57a12b60d2c1cf87c8528024ce9067743aaf67f9e9c332e9cd9618a8c1029252ad9db4bc14cc79d1f40dbbc91161107e5ec248242a7d8059600dd5450848ddb4e64e5fc6c468f1e15f5307cf35daeaee74631fc2842e2b4c358c2852dc05025aa6551c5e9e14cde096cebd24f9c6851bf3107f30ea39c31fdc428fadf02233f544c35d5c06d1aa812845450902852229530aa198f8713587b1711f1474d2ad774b895a2230eb488135d08842db095086e9f8babd332285db08a14d3a220948c886fcca91dc750236ebca50ac5c108792915a8d675103e54a48ca012e4f8de9538ec5c2c6913c183b77e6fcc963d3172bdc802275aa1827fc77e142d8d60a9a05c493ec53f2da6775223627d0e22aa826a5b28a6005541f597a7716af773e6897ddf7d40c3a41096a260a0e3b023d868d19d42d5c6611954b604fe401e0581a24be6a3eed6290a14a39c28ce27393ee1920994064a3955709a14d546372208fbacf10ef058a520228444352cbb843ecd6399f3d60c00c6dc762f2b17edc0e348460ba9b82dc8f104a9ad942729b380a453f914f8350a72e3b18a5370658711a57e924e06d85f9a4ee28de34180c70461abd84507f01d5b852f6b1d4e25881e066929248d184e41412acedc78021185f27e93ecbc588efb2b61147b49f46b147eb39556f1d5d14c896e4954a9626a0a5b56e670cfd08958186c5cb99286ce2c14db4f508921a2b8d06d332a0944d4e14eb36d922d9518a7ca197fce25f3b27a6c1522453e945282344dad7ec9044cdbc2b223244b1dcde2ac4624410a1c76085b3a086a06a6eda07ab264ef825f1772839695afc6284d45b74b5185a058c4d022b606c11f36a2f92525b916deba5713386e9358948b2c89609528642b15a8d27a20583ad2365174859d1b5650ab6a32fb372e03cb4744da284113476c53a8d701b3502112b0f0f90d7c9b8e93daeb01f617c6e3ced6b10ee652cd174b6ca986d442841d2692248a4eb9a9d9a80e3a3a0bdf9dc6954de2b18da87b8f4489ba894a2b2a01a48a94128d200e4550e02fb9645e7a5d6e08475082969f24cd7de96060a26a12a7e904a122a44010f5d6b3141d2963d0d5421c968eb4223449c963c58a0d58e4316ed8d3fcbcf20c6eb79b122d48522405769c26b1348c552c292c9254e83394ecfd79840311acfc388efa54aa37bb0c0d37180a42b11004c18e601715a19926aa6da068611c6e0d271a896d33282c30d00a1c04fc2eb43d27a979d9d59c36dc380a22c4149814661ea4ae5e0543b189e816b9c782f4eb195d2b7c81e304b20e106b0611b682cb0ca34a0b5368204c74db025bc552045233008165da7fe7341d702a28b66d232ea27685ad100bd77d77e1e7eda8b9d854a300c8a88e8122c1140a08892e0d5c44101183864dd358bcf0355412a8d2b03287cf1cc39249d842a1895e9e920dc7518b342856f1c974622bd566bf16c72e772d8e8a6aecd6d288afdfe19c6d53b5c089a06ad5da14fb04e5ab34044d43172122aa8105a4346ccd3e3d997d5a25b2235538ec4ac3105eca57ad41a0d0243dcfc9e9e53ba99b541b35984a9c16cf96755be8dfe75608c3f245736850230d615a4821a2761b71ce8813fd6015c0afdf1022ea897fa1b272c74af20b2e22c2ced2d59c0e07e148d933b07cbe52726511577d762ffbf6ede77d3d449f5a9d49f0c6a3aad1654d132ab6ad60088921244255c13ce7a08990a0d836b61428ba87c56bb2b97dfac360bbd9b4e1176ab509a0d83a25c753d1d4726cfc650ba74a14843431e32b011e6efff86370fa21100b9601710e4a00d5090e54208ed3661a9f2d3dcae557b7a79b48c3508238a58125745c4d1a3168ed0a100e0839c11bc054bc9cd112c8cab648575c1cd1817d26f939f1546ee0a07bd756cc7cf7351eb9eb6efaf4bf917ba6bf4d9f4e1e94704914900b7cb0a328d8323aa8fff57ba2a4a4887525bbe9f1e9285ac657e3cb916f91e08a23def35bb08d6dd9808c2a0ca655d6dbf09d65b37970f174cc1a6928b5d2b875e16412b21ea7e0f5eda09e8313dbb4080b0b54812d24eaaf167d71d6c2a4ea04c302c39dce193599ea751b0030e39329b418134fd1262749790da9daee1a3abd391ad50aa0e223ec4ac40254b79b52dc585e70e34000aa34b0848a858a13415ea960dea22da434eb4f97b3f34691364a04424e9d8033061d2f5e0714a311035c31e621d46b46a04452a8e5c927274e413f95c1874b9fa1d575e55938e70d1ee16ea02a159a5fc949653995b13151a2fd93f2f75b172025d2b2314d0397ee2cc3cb764f5dcd6eb71fca79d86ce753ed851e0c4bbb9cd9f7be5926ae055543f3ba3d14048acb10e87b557f1e5a361397a21391123c2e1ab66d88d07f5381bdce18623d09844c9328aebfdbbec5021422968570c4b1f55021570e1d4d80121c8130d9a19dd4175e762e0f33efbd370058bb6927d9be207ac447a95984eff0212a14809a9e40a5ea5568542f0aa4c392588a8562e9081d62549b18dd814753d001cbf613563d386d702170e1e5e491136cd9b58793916cdcfe14146f11616f2c1e11c228f6d1b7f535d4a9abf0d5f28f10c247dd5692654b7ea24bb7ee0c1a7b3fefdf3b8b7b9a2461991110609f5b23eda8e31b0a612ca429498c4d2ac3cb0e7d7ab37bf37778540b7fac034c8b61d7dc5ca64e3014044541abe5a8c09a9c038cfe7d7cc59e5fd0b4a87bbe2d4db04cf61f2b1b8be07038894dae448e790c84c01426aa8842a2498ba0d05015054dd55873b084c9ef0e4310c333d35fa2f9100fe4466859336a29b6a5a46a85242a958f47d37494b3e2402a100e86d8b163078bbef91687d3c9983163d114155fc08757f7a239e2086a2e5cfaaf66871414c304377cfcc9c71c3c7088468d1bd1b46953ea7a9b82b0917654d930c392702411c30a2254177d7b0ee0bb0daf51bf6515e6ce7e9e2bba75a752ad1a14bb3ae2a308174788d8a544b472382c1dd52ec4545dc4472487cb4550b374e21d65fdcd766cdb02d8182851e36d24c2cfdb7fa66bcd76bf816186d153e3d1e2343701a3b40c81f2229e91adfaf1d6b19fc0b4e89c5a9f2bcb3523180ce076c79cab17e38a21a75412d61dd8d1cd08540961e1c62503384c933ce2486bdb1b21a21adb8aedefd0bb7b026b16c0eb6387110d699054a850e182c7f5298a42d5aa55e9ddbb37c5c5c54c9e3c89468d1ad1b76f34d2d6e974605b16bac3716e2ddcb1633bf3e6cd63d4a8510c193ca4ac16689a68daefdd242a1032fc2055aeea308499f39ea7519b729c613779e153a4382b72c57543d9bcf8695a5472e224448470745f0681222244349d7cc381a26a785d65a36147d4bb9af2a736f0f5898d28213f63dade44fdc4b29f12c7734f5139a61c5a8db874be3d58d659b75da3f6b46bd49eeb4ff661c2ecc92cbd7df605958006e56b70a4782f7ea1812a500c89b00586ee20265c8cea8c61e1c6330c78f75e40f0cde2a5d4bf5ce2b4246a7e3dca97af8d65daa89ac2c71f7f4c414101420862626250d5a8feeef3f9f0f97c783c1e6ebcf1461e7ffc7156af5ecd8c193318376e1cbaae4763a8cfcea665cb96919595c5a44993088542bcfbeebb1416160250ae5c39144521140a611806a621091b453c70ff23842251978016357a5192b79df6fd6bf0d29b13997cf71b5c3d68080f7ff0080d6a2420024568aa89546ca4a523844150d3391252a85ebe06b1ceb22e40c37bddc2706e61f0eb6319d8b237bddbf6bc4038f74eea2657466b5abe16934f5c38dcac63a5d62c7deccb8baac757d468c3d4ad0b0827b8502d0bb051d051b1402814382a70263e8e4a55a286c8d9df3d45bb21e99cd81666f4e0d18040d5a24c1c3264c81faae2a15088cf3fff9ca3478ff2c4134f909191816ddbe7c0f8558be9d2a50b420866ce9c493018e4b6db6e2321e1cf2d0caeb33c7cfaae895cff401bda0d8867ed968540744d4b6e751d678c0d5427066c7956346b287688b05b657f50a141dd8bdbf83e19f3dac5c3ee8a8ed034a5355ab50a155442a195c0259bd12fafd796078211821e8d18cd4693120b818e89e670b1f67011dd6e9e1055974f1650acecc272b562ebf26c9abab73175eb2974db4fc4886099162e97134dd7511485f8f8786ad7ae4dab56d1bd6397cbc5b061c30885423cf5d493f4e8d1930e1d3aa0692ad2b6709c552e0e1c3cc89b3367f2d0430f51be7cf9b201f3870eb363c70e727373b02c8b701882a11c142582534fc1e95449f478293ae246ba0cdab4aac88f5f2fe0ca6baf62f0dd8ff3d9b0c6346ce3216484cfc65969a8c2c09026a77c165d6b36ff5b36befd878e7073f761686d131bda88305b8efe428b6acd2e894883a42aa84929643a4ab9d917cf498f498de20061118bdf1362fb212f937b7700423c31fb157a5d5d1367ae45fbf67d1938e49e731e8636063e7f08d39284c3115469625916870e1de4edb7df22140ad1b8495dba74ee89cbe5e299679e65c7eee8e1039acb4b50f120dddee8026edabc3cf5e573bbda9b376f65e386ad18563ef5eb37a059b306783c6db06d81aa69c4c47889719795f3a935d259baee41d25a7b98316f22575edb970a69e5c84d6dc109573169e64e0cc5816239c977bb38a6ba396e1874a8dff6ef195ced93ab2b55afd75d03a85ca3d5f66d4777665c2a1800dd6bb465c9e9afb91d2f2eab8888a2e220c261bf839a197d8064c0c78e3d0b68d0ddc9ca6f76d120a1336fce9c41719e202e31096fac13dda1e37038d0348d70308f50384c2412419192843817ab966ce2b30f1772cdb557d2fbda6b69582f0908e37280aee693101bfdf2ad55b30e205893b98a2fe67d81c3e1a476ed3a20bd1c3f7486ece385d185d6eb0505c2613fe1508870244c6141210ea793f8380fdb5615d1a3a9175c473876ec1055abd6a4cfc0616c9bf714e52aba506d0329c2b8c32a6b9d012aa456a56572cd4be6dfa1537b4138b83aa17a4803b8a9d6e53317ec5836fad6ce432e9958bfcbfa3078ce7cb29c7128562111454760b278a7e0ce590f2381795fcee6b22e0918968f58ab058fdeffe45fa66fdb206d5035831dbb37f1cdfc053c3bf1513efbe40b6ad4ae8f264d5c52c1ad46bf4603418bdeddbad2a0413d86dd3c8c36edda7189074100905d5042a0741e193dabf0eafb3398faf42b74e83d90afa73fc1e535d270054e60aa412c473adf1a05f46adbe76fcd8a6f762ea76ec57a99e73c0aaf6bd0794ffbc5afadfe3bebc68086bdb8d94ae73b19e26a978a1581404c3ac5ee7224a7c602b060d91c5a0df0b0fff0712a57edc8f74bbee2d8e95fc82b3428f667837050e23b4289ef34880896e243da3aba1eddaeb46d13dbf6e0d034d2539a70d3c8fe3cfeec0b746cdf895177de826d7ba955b3298b7ffc9ed99fcde2d1e7c67132e738dfadff928f96be4961f14902c12c344d433de747ace0712613e34844d5dca88a20213e8eb8b878aaa4d7a365db46bcf8c344aeecdb885f8eac3ae7ba59b3435f8e162ea1ae2b064b0db0cd15c3dee3397cd2a6dfdf02e3bd5ddf33a0d115b3caf8da8a911533f74ccacca89752e392093ef8c1cbac38f62aef7a8354ca8be1fb633a8d47cda5d1e5f5397d603fe33fbc95da7d6c3cb69ffc5d71b85d1277e52086550b277958d2c4e954b165045511d88e526c1b6ccb42280aaaa26018d19001d5042514c7de6d610e6ccea269952bb04a1c54ad5991af56bc45e38ee570c51a54ad9586a5f9b19d2114cd465325966d635b20a40a8a8a62454390050e4c53605b028493a21c3f81a253c4d74ac1e9f5527a289fd6fa78ae1a300223af90b706d46748db386c979f7bf52472cd3aac7cfccbbf0586b8abd2ea15a3bfe8d2a95e5bf3dcd74ff51aad3765ee5a9b51afd3a5837167bfc1bc38e569f28b2a51c12dd8501464c8e54d018d879f7b9a50d57842a70d92923c546de024ac1511d64388d0215ca68b9015226c99586a184515044ae3706a068a7423148d905e844a1e0a602a029c3eeab6f5d0ba6303be7cf77b4e1d4a421cce66f4831d311ca7f1ab36a6dc839412c376100174c38f2612b1a489504b1142439161a46da10a379a33065dc410b18b49ae2da928cb61471228c9b508e44b5efde4056e18702da4a4929776191ef51887a48b25c5c77877e094bf05c4a2fd99402c9deab535cbcc8cc9cb3facf2f5caafae5d3b61c1f4bf43b8e3ebfda9b3672f7d539338e3ecc688879fc28e80347decdcf713dbf71d65d79e23e4149dc46f06282c3986ed0ae2ae6253ab762512cbc5e08cd1302d03a7a308d58a200d2f6143107464e1c28a8e681cd89602e82043c4c554a2b4d0436c8224641cc6b00dc28a1387f4a34a05138d881ec2216d14230d5571a26b1184edc6b463108ac6a993f9649d2ce6f8f11244d0a4a6a7250e4d27de9144fd9acd69d8b02969351b533e55e020815dabb6b0f2ed7ee4d64de5f35029fb27eefd5b600c9e359e53c1f01d2b46bdf6f6f9f119c3ab6516bdba3523de7b7e3cdf0f3f2c2029318936975d7e41c287cf1ca5d98b7d687d30c8d20551b53374d6d12d0689ca854efa09b3fbd03a76efdac5a1232738766c13d8b0d3580d11484aa8c4e557d627a81f44d1c3484b8d3a335b67f71354035b9a283851741fb60dd889d818a8961b216da45a8ca5fa49d51ab162f119f2b28228048873d7224da6533ea926f51bd4a57a8d3ab46ad111b8f88944c5c0af86efeb4735638dd7c76bd7bf44bf3f3804ede7d52bb8e7ee917cf4c957d4abd7b86c14d898e60b5f1af6e4f051975d977b5e1859edfaedd7bcb1e2b38c477a8f2ef3d06bd35f66d2f38f712a3b74d197d6285f8da64dbbb1eecc7286f649a3455c6d54978eacd29c9a555b51a5663af55b3444f7a4fe3eb28d06353bd1a066a70b9f2a5070988177f466c87d5539133e8250a29e928a1ab51347cf0071630b035b84a3acb2bc08f50c964c41114568a8a4e8cdf9eab51c9e79f42d2eabd7e9af6fc099851c3dba875fb66c25b4f32827fcbb10a78b395a58c0bae422c215eaff21107e5f29191dbbf0dedbafd2ba5d334a0b7fdb78da7ce817829692f82b10e781f148c7c193ef9ffb74a5477a8f1e04b073d7361e7de43e724fe770ebcdbf015458988ba2a8ac5db38a9ebd7e6bccc29b9ea5d6faf6346dd880be01858a05859c0cade2f4ba156cff36c2e7677209980a89159a81271677929bd426f5a950ad062d5ab62339be12f6ef14d1f4a41acc7def07068ccee0babb2ae00ffa00ebacefaa113daec876014e90e659d7cc30520a2416384b71c944967d59ca9d031fa34dbd4e489b28a867f5a312a3809d5bd7707cff4e4e1fd8893faf10331bf2cfec27460d53ceeba266b58a348c2fa25d8c9bfc6692ccd84a28db255f0f393f4ebea4b8801baebf8ac79f9848d6a953f4eed18de1b7dfcdf4d7cad61df7d544fab7bd7aca1f47bb8eaa91b9f2becf322eaf5df6bc90a60d6ad0ad4777f2738b09f84b70c7087a5c751d83068f2853efb39fe73068ee037c5ea93addf2b753ec2ec661bbf1182a8a4b21848ba0ad21752f86a55392ab723aaf8423d92679c54524269623af4e0592126a70efe4d944806fbffb88f95b1fa179e772846411523a4058084208e906db8d544a410923a48e8d9b90aaa08912c24792091feccdcb4f3e07c0fc775f67e38a4fb183a711a7728857bdd4281f438db418cac7bbb1153fa62340a25451227e1c84510c83132e37550b3536548be7ae9cd3a456bc81c577bffb8733ab4fafeeecdbb39bf7667d4ac7cebfcdc8fc402129f7345a2ddf3ed5f10fc1183bffc5d6ab77acbaf29727173ef7afc4631c82c71f7b8a89cf4e62cad4298cbdeb9e0b36a2e9d4c1d43cb186099555d2ce9c46da5e0c552014fbacb62e516db08420a2b9501505211da8c289b4246187835d87031cab36903b263c858ecd7d8f0d25a9e9719c558e1034bca8b61394088a2d40d8d8d28aee2e0ac05608380509e16a2c7fe70cdf7eb21d0bd8b164215f4f1ac5902ed511e6499caa405a12cbb450e4d9fd066c5469e23120a449c29a85d3b288682aa6239917ad000b2231644d3aff588a40a0949898e8b7d59b6f4cc7340db6fdb29977deffb42c8fe73ccb92a33b27ed7d78eea37f080680b8bd76e6f6a7bfcd689c5eb7ec02565444426222efce9cc1830f8d27bf387c91e0491fa9cfb4a09f5be1cd909b6c6d1f8a74921a7061239167cf7cb284c452cf860b4b15050ddb96a88471e9717cbaa1904e8f7d4cfd4ebdd010f418d89ede2392f0c7acc2b29210462a42f59fdda032cfc6f01938b410a9e1567cf6ca6ebef97c03e84944f2b378b84f739eb8ba2a7ae91182ba1bcb32d1c56ff119c28e1e3ea649815f373155f32c38a0539e49296ea61fce62fd034b6853f9b7c5382ff734afbffe02a0f2d4849768d5ac01ba06861961c5eacd78cb1c2e2911a31baf5e7cc75b5daf6cda21f287272400dcd475f07323de7bf2de7fbd1e9f90c0da352bb963d4381e79e4616a55bfe07924c43bbd2c1ffd2573b303bce8b4f0886492823a111165b8628ba89f95b0d1a5193d014746d064108708632b1aa615a2ffe5b579fd919b293625068205b3d7f0d5dbbb89d7d2c156b1116737a140a021d0b1716079d25934ef00939f9f8fea4cc1a528dcdbaf0ba3ae6982a3680f1ebb04cd08e146e094260e4c1469a06080b0096a3611cdc413b249f13b70d95e1624baf96cef495ebd617a1920005252d379f0a1893c35e125ee1c790b498949a89a835163eeff1720e096af9e2539a1f2f17f05e2a2607c3660c2e2cd7bf6f4fd7edff971056ddb5dce134f3dc8071f7c40974edd1839fcc2e78275a8d8983923dfe185a21cbe3692294d48a7d0a512d0556c45c156c0160269bb41ea8086142a1281ad28f8141d1938c57d5756e3be9e6dd101b74330f9818f58fab107a7a884d04b415ae7c0000da716c7de9fe368dbf0269a366c8a0e4cbee37aee6cade3f51d42ea82a0ea405174141b842dcea6f813674f82b3096b36b6b071d94e0a62cbf35d72328f1f3ece9d5dc67157c70117ecefaf3ba07979d9b4cf68c3c993590c1f79675945de8e30fb874f56cf193ce1960bd150274c987041e28aaaae7c70ded4d4877addd6f85fef75eedc9defbffb166cc181bdfb484a49a67e83f34fb06c94568b448797277f5948ba4750dda5220d0b050b2924522860bb90f2572014242a4e598aa9b8f09885c49b855448f2f0eef2035cd1bd1b952a54e3e0018ba3c5eb88af500c961e8df138ab22050392dcd5e57869c2db08e09b056fe35af9231dab9560da6102c281a9c6206c0d15fbaccf97c016d13f458ae8a12e4222450ccb639d8c2ede43bfc6237965c8a48b2ed69b36aee5edb7a7f3c69b1f7265b79e6cdafa0b8989c965d78a4f26b4cb5645c5d7fadd77c178e48b9a331fef7bfb11bf194c796fe56717bcffdd0f4b59bb66396d3bb460f82dbf8d96fed7953d51665c973b9976fd0cc66785794b89c3f26a684a114e5b213610834a044b35305503870c116ffa8888389c9641484da054f1d234f634b50e7ecf4f5f444f7678f4ae3104365646e636c3526208aa129c0112ec6a6c7c57f0e9eb1f11b6e1d8fe7d6c9df120573753290d07506c89db06dd3211224c8953e2d7059aade0361434093e8781a158b8442a7352cbf1c0897cfa57bb8bf76f9976413e1c397c80362d1b31e6cee174eedc1580882da95ea3ec89a5fb4eefe5ad9fde7ff1e4c35fde79319effa16d79d1e8d77b8f78ff91d545e10bfb8feed8778ca5cb56d0af7ff494b2e5cb7ee4cbf98be977fd55cc9bf3c96f72b2d38d7c32723a1f1e3ac6734149494c3d2c04b9f13e4c5560282a1145a7588f23c7918222edb39e7b1201044c8d6e4d62f961c6e39c3c7e34aaadbc359b1fe61c225649c6ad16e3b4abb360f609a6bffa260112704a7861786f6ebca236814811424423a3a22bb5c016905ea251cee7c0afeb647b358a1c4e62221e705566b25767e2bec38cbff23e668fb8f8b95b0f3d78171eb7466a4a3a7dafeecdee5d3b2fbcd530fd8ea747771e7eff1f1a0dffec28d5f6afdd314e848aec9fef9f7bc14ddcb53f673274703f2a56aa4a974e5dd8b2751b2ddab464c28449679dbd7e332f6ccfda4fd3576fa0a6bb841793bcb4cfc9c33223e808541b243a9674616aa1dfc59f46c588d728a030b631cffde8e79d9f774547dbf1fd8c9b98c1c0d1d558f18d4ecf468f30f0bade003c716317fa57cb254dcb47100d71fe7d24919090ef31d12d8bd4521b0d37a5ce5872bc314c09fa99e38b30f38657b8b3fd1f9bc60b0af27961f2b30c1f3986f95f7cc1f1c30779ed9df7cad4b9effba9bcba64ce4a6bea86ce7f44eb4f775dd68c7d6bc6b67d7b7b7c9a39ef82f7db75e8c8e417a6525898cda2450bb9fec69ba2409c8b2906c3882a0e4d2ad4414ed9468df8d6dcbfff28ef393c9c4ea94081cb0918b8ac201ed377763e942d86b089f79d64449b441ebbb9170075abd4e1f66b9fe18b99a748a0ee3920de9ff41c8d124f92e628c16148a434f9d7484a09b80d8b84500487d0389590c8ec1437438bb3c83462f8e5a19ffe1088e7273e419d9ae5484c4c64f20bafe0f7e5f1d1476f31e896b2676f1d387d8869f3de58bdf8ae77baffa939fdaf9cf8bc66ef66b5c394eb57ec7e656546fdf82a178e623ab80f45085e9cf21cb985397c31ef8728582debf3d997df52ad5ad92dc94f7ffe92119f3d4a2b6788819553c8307c784b7d602bc418265288325e8a1107a41687408be1d3120fb2d950468e7902809766cce4ae718371a0b063fd417e78fc5aaeebaa1057e447351288e82548f15b20a5001429517191ebd5d892e8e0b31c3fabf2bcb469d58b9f6e9bfa87fc1878d335f87dc5ecdab18ba52b3650ad7a0d7273b3f17abdb8cfeec5ff5a12ef693d775046df69af5fffd8fa7f040c800716bedce4b5a5ef4d0abeb2fbaa8bd559bc6821131e7b84f8c42476eedacd8d37de88c462daf4b72e6c48b322dcfbfefdcc5f3d8fcbd3e3e89fe4a099e923c128c58a80903a48155bd53184499c19408f5894c6d767d68a3cfa3df7260ddb77041c140246d111a6f56acb0357542068fa112202d848258237a022b1319c0aa5ba891523d82fcab32060f349492155ab5cc6822153a95bbeea1f9b38aeea497c5c2cc5c58514e59f2473c3c5cde757bc3a74c4b1dc82fa879efbeefebfb4d17429291b3a4fb9f9f602cd9fb67dfc174f5fac4e72bc87829200dfccff92bbc68ce2c8a9337f4a77d7a903dc36eb3e0ee5af273945618096c0e5c24b8b223fde500e21b59452dd83d30ee1b00d8a88a734b11eaffc7088a93f6c47b8cae1051ebea215b7b775e015dbb1a41e35952070d80a0753241ed34344a4b05a51991fc8273374863adefabc7efd2b74aadfe14fdbd9a461353a76e8c4ee3d7bb0a5cdcad59b2e5a77fc772f30f5fb0f57cbd77776fcabfcbde4fc19f1f7b79d37a079bb696f0f9ef67399b0b2d2421e7fec3ebe98bf8095cbd7f1fa8c57b971c0204e9d3c41878c0cd22bfc7944edc9a2337cf4e36cde5a3b8b12a5905a694e3a3b04975b0a55c26e3c5680d8880fdd1244a48b4299c6ab7b2433176ce08dfbefa665e92a2aa515a09b7998ba17bfe621a8c51036045bb5086bc30196f803e486bd5cdbe03ac6761f4cc79aad2fa0aeeea77a8db2a9af9b35ae43cf1e5d59baf447aa56abc917f37fbc683f6664cee2ae4f9f59bdf9891f2e6f51a18efc5f030340bba7d98a5bdb5ed3e99d9b9eb9b863d6fe5db46ede08555108866c3e99f329fdfa0ffccbeff876ff2a3e5af7251b76af23505442526c88cab10e6a682a5585205938a86c08b20b13997fc6a6766c115deb419155ca615c9c091b1c376c0e86c29c0e077104d2685ca301375c7103d735ec46aafbe25e86870eede1f20e4d39951d553c06ded8873d3b0e62d83e2eefdc89996f7d7cd167e76dfd961ba7ddb9fa87873eefdaa361fb4b4afefeb793b38be10d339fb96164c6133defb9405454d4f775e58aa5682a74e8d09a3ab56af2e2d43769d0a031b56bd706f197737cb0edd47e7e3ab8869da7f6b0e7c42eb2720f13f11710d68bd0641a91826442958f63040b480dd68304497a5c39ea96af47cbeacda955ad16cd6a34a7a692f497dfb965f33a2ecf68872f28f9e4a30f1832ec361e7de86e264e7ee5a2cf2cdcfe23d7bc78fbea0f474def3db4fd35c597ccd4ff492a33ed8e664b267cf76aad8b25842a2c2c908f3c78973c73e2a8bcae571759b942bcac5f27fd0f9348756a5ce7cff3ac4a5b16877cf2b42f4f9e292d9025452532a72447e69614485f6958866c43fe1365d7ceedb2426a82bcf28a0c39e985a7ffb0eed435b324b754ce9cb9665eca7f2c69a27647d325b7bcf740970be6afdbf0b31c3bf6f668635f98285f983c41fa7d25bf2544dfb6594e7cf63179ecd811997dfa945cb6ec473972e4a07f6bfe6fc308cb9f7e5c74ee77f6e993f2d55726c9d4044dc6c5e8524a29572cfbe39c7dcffcf8aa6448c5cc8fd77e13f71f4f27aa8fefb4a4c30b83c75c0a135e98fcb48c75236f1b3a40d6ad912e376d5c2fefbf77945cb776d5056658de3fc2f882fcdc32bff3f3cec8ce9d9acbcd1bd7cbbd7ba2f9681bd5af2c6fecdf43de7ff7883f9dc5524a39f4d3072577d6c85cbd7793fa5f9368b7d5e45bc7abf7b659713cffc4790d1e707d4f79ead4f1df5270befabc8c75236fbafe5ae910c89edd3acaacac93b266d5f2f2d4c993f2f6e183e5da3599e7eabffbce8c73e9a3ff27e5c71fbf962fbff8d079d7376fda2001190c06e5bb6fce90f56a5690ad5ad4bd6026e673332852202f9bd2ff1e4637c9dc9e75f01f49b6fb8f663dbe77fe8ca6ce217516cf5e35e70f999299b94cce9ef55b0ad275eb56c9ab7b5e2e5b37ab27bb77e9287590370fea2bd353bdb26f9f6e72e58a257f8bf9b7de72bd3c79f2b77ce15f7ff5a96cd5bcaef4f94ae5375f7f2e0b0af2ce65ac9cf0d863b246e50a72cea71fc9975e7cf60fe9aeddbb41c6dddd6a5e93a7ae7becbf3a1ff8a29d6b1c8cae9d79c5e49b6e0ddae18b76283fef8c94d22e732d140ccae9d3a6cad6cd1aca181d79c76d83e4538fde236fbcae874c4d74cadb470c957e5fe92501b2e4a7efcffddfa47e0d9910e3949d3bb492d7f7ed21c5d9b4a14d1ad492a9090932cee994ab56aef8437a377cf690646895cca7164cfbc713b4ffe360fcfad77fdad86b18583973ead277ffd6a8cecb3b231f7f74bc4c4d74c972893172fcb8bbe4e811375f34efea5b6f4e93a3ef1c7adef5a478115da823867ceaf147e47de346cad6cd1b9c4d7bfd823c7eeca89c3deb75f9e517b324208f1e3d7a41faabf7fc2cd3ee6efd8ef7e18ef3b7641f14ff1b3cfb5f03434ac9b21debf5f8912de7c53dd866de4f87d7fe6d597fe4f07e79dbcd0364ed9ae5e487b3de39978ff58b2fe69dcb786f4b4b5ed5a393ac929e223ffef03df9d38f8be482f97364fddae5e5d70be64940366b5c453e78ff18b9e8fb0565e8cf9bf789ec7f7d2fb97dc796f3de7db2e48c6cfff29031dc5a2373c2e7fffc6cf8b781f1ebdfd3dfbe55930169999da75c3f7cddc95ffe11cda8b8b8589e3e7d52669f3e19cd153ee365e952a33949ead5a8266f193640ded0af872c2aca93470eefbf64fa45c12279cdbb77f7637095ccd6afdc3afedfc1a77f0b18e716f84f273765488dccf28f75797fd5aeb5f29f2c80dcbd7387b42c53beffdeeb7f9bceb2fd6b65b7d7474886d7cc6c3ee5e687ff9dfcf9b782f1ebdfe4056f57616cfd4ceead9179fde7f7cae385c7ffc7603cffdc1372e992ef6430e897999997ae7d7dbe6abe4c18d7620eb756cdec3b7d5cdfff045ffeb66dea9f285fad5b16f3d2eacf86afddb6e2c65a356aafe9db34e3c17e1d7ad1ae7cf3fff57767fbf3f86aeb8f7cb271216bb6ac5d1d135bbef081ab46de37a1f78883ff297efc47c1f87d99bde2ab84b9ebbfebb568f3b2d154d7a89a5e23e3b686577153ddeed4a9d2e07f445b62b1f3f02f1c2d3cc5b7db56326bc3373f468c404c7a5cb5bd039b5dfddac09efd76b42a5fcffe4ff3e0bf068c32b1201b97397ec9da9bb668d7aa9eab8e6e1d4ab8146f725a5ec3f45a7d2b2756c4adb949884fa29cd78b5728b81c6eca7b530984829c2ac8626fce4942b64956691eab0fefc02a2a5a4dac09ce786e6cdc6dd2a0ba572ebfb6438fe07f5bbfff2bc1b85059b97f8bb63c7f9bb137fb08c54680627f0967c245948a104889a29c8deb76c650492f47b2e6a1b22795be553bd0a95e4bf17fa18fffdf00b333fe41d4a5d7c30000000049454e44ae426082);
INSERT INTO `admins` (`admin_id`, `admin_name`, `admin_pass`, `admin_type`, `admin_image`) VALUES
(2, 'shakeel', '123', 'super', 0xffd8ffe000104a46494600010200000100010000ffed003650686f746f73686f7020332e30003842494d04040000000000191c02670014667a345846624a58304b7370675568793039366b00ffe2021c4943435f50524f46494c450001010000020c6c636d73021000006d6e74725247422058595a2007dc00010019000300290039616373704150504c0000000000000000000000000000000000000000000000000000f6d6000100000000d32d6c636d7300000000000000000000000000000000000000000000000000000000000000000000000000000000000000000000000a64657363000000fc0000005e637072740000015c0000000b777470740000016800000014626b70740000017c000000147258595a00000190000000146758595a000001a4000000146258595a000001b80000001472545243000001cc0000004067545243000001cc0000004062545243000001cc0000004064657363000000000000000363320000000000000000000000000000000000000000000000000000000000000000000000000000000000000000000000000000000000000000000000000000000000000000000000000000000000000000000074657874000000004642000058595a20000000000000f6d6000100000000d32d58595a20000000000000031600000333000002a458595a200000000000006fa2000038f50000039058595a2000000000000062990000b785000018da58595a2000000000000024a000000f840000b6cf63757276000000000000001a000000cb01c903630592086b0bf6103f15511b3421f1299032183b92460551775ded6b707a0589b19a7cac69bf7dd3c3e930ffffffdb004300090607080706090808080a0a090b0e170f0e0d0d0e1c14151117221e2323211e2020252a352d2527322820202e3f2f3237393c3c3c242d4246413a46353b3c39ffdb0043010a0a0a0e0c0e1b0f0f1b392620263939393939393939393939393939393939393939393939393939393939393939393939393939393939393939393939393939ffc2001108011300d403002200011101021101ffc4001b00000203010101000000000000000000000001020304050607ffc4001801010101010100000000000000000000000001020304ffc4001801010101010100000000000000000000000001020304ffda000c03000001110211000001e1b14ac4c6e3244d256a8ca6f7cd13a76f1e67627cce81ee1a72f1387dde00dd53b2718aa9b890c88509a56e2c08a1d11cf041ab075ce9b8912d1964bebfd0fcc7b07a2f3de8bcf4901152103228640223141a0a2ecd19e2d5415a8a9d880969971adf499e55cee7ada783da10d0004071560111c84a68ab1ecc0435e6ede3a63b3a16f2edc6bfa31b325fa239d559b6c53cc3d393d3e53adc9eba5830130829c541b2d6e4455814737b38630f639bd3e7de8d34c25ec4b1d98e8439f2df2dee9bb1bc1c3f53e6faf1abd3f9bf59d3956ae4b51645204a2200cf372134c709d72e4d54eee3e9c2f4b59d939635cc374359c5b2c25879cf45c1df3975adc7d395f0acd626ea0b635a2d2a44dd4aaf5144aa708b3abcbe879fd760579dedaf1ad62fba9b26a70718a39fd23589733afc3ebc6c2b3a73990896c608b5410c848b51108cd0fa7c5ebf9fd36557649a9b73d59d9974e73656e19a3af9dacfa5f33e83cff7f3a1ad421656098200538d838b89227599ba3932677de797470ef39ca64142ab34d74ca25c4ddc8ebcfd162e674b7c9814e9bea10c1080009b8cc52ae219efcd61bf8fd8e5d6731e3a464ac0cd5f37789448f4e529d4ce8ddc9b8e842b638b50122a4890e164414919f0df411e973b5e75d5bc5e7f52c51e674e4d25db809b06819109db486dd5cada6852450e2e2c71aaacc55c2013a5d5e66acefb1cc8e0c6c13e9c589d34310d89305240da0d72c61b1a20cb650a80b22a409bb8a232621821b04312603004c0182186c53ae5cd0690194801800008189b409a06d09a6300001083a39f6f3e2a0748608001a0001a006818871681c6430001098ce9f3ba3cf88265200018894406086081886822d0da09340268630e8e0eb3c74e3271df30000609a06818026200023288c02400818c03a3dde0f7f8fabcad1a33f5f3805c8d310009a1a711800d304d09a648000069a3ffc40029100002010302050501000300000000000000010203111210210413203031052232404133141542ffda0008010000010502ecdccd1926648b9ff347fae9ea7f0ea7da94872d2fa29588d5287f5d3d4fe1d4fb0c9486efd70a8e32e1fd4a2539c6a47d4ff9f75b2521f6bd3b89e555f52fe5dd90cbf6e1c54a74ff00357d99696bbb0cb166c516289ca274dad56cd78edc89e94a0edcb1d2460c8d3b0a08c5189563ed6b7d297c3b0b4fd99323b94e3ed51472cc0c0e598e925755638c9e9497b3af030303964a915e189455e4e58ae73453af713b99243af1473a2cba7a7110d9e94e9fb39672ce59cb3968e5a304645cc8c8c8adee5c2af7627b74a2eeaa1249908c48d8b12f8cd7ba1bcd6cae5cb972e5f4c4c4c4c4c09534528e35277b593a7e151858ab0bab34e51c9e2f288cadf3a5464646464646464646464646464664a652779e2388a2450d8d5cb189624357ab28e347b0ba6670fe569fabc3b3225b464bc5185ea57da95f5beb72fa5c47e951edc38b4997763f22c7ac6ca55a37a1da5ad4f1c3b16937633332328b10f58eeeb5bfc1eecb7293b490d98efb1b18107ab3899b8b69ff00afec2eaabb3a33ca221a22ac5f4b97d2bcf29f0fc4e5c11e34fc62f1a2d1f44d5c84b97253b8989a2e872466642dce22a6285b17bad58ba2fbb3f2fa489476a32dcbb3765b448ad5f11bbeb1959a9a7d08be8b5bede5695247ec775898188958af5bae33685557458c747d13761e9c3bdbc17d2bd5b76a32b11771697131e96d9ec4e577a50f36d8af5b1eed39f54a76273bf470e95ae55afdf5576b89999298ddfa684acead5fa927f6a4fae38fd2431fda9fdb9fda72da5f6e5f6a5b92eb7f4ff1fdae0d299c4f0eaddbbf7b84feafc56daa7d8fffc40023110002020105000105000000000000000000010211300310122131132032505160ffda0008010211013f01fc0d0a27178a11b38238143435de182eb7b623516182e8e1b7128d4ec9aac1a7e0cbde8d4f7069bebe8b1ba1e084a84f6bda6f1419451296387a5139e483ec9cff005fc0fc6eaf343ed1fb97ffc4001e11000104030003000000000000000000000100021130101231035060ffda0008010111013f01f452b6a9c616cb6528142977730110bc6697756d8d9132989a6687f711905328784060e0094287365462142636a76436b7730d6d8ee26b3e076b8f50b7ffc40026100001020504020203000000000000000001021100102130401220317103504151226061ffda0008010000063f02b9ccd3dcd1de3b184773477900fd437921d25c427bca627f1309ef2c789556e3d5bca90cd2aef196321e62fb9952c817d5148d279fb823927612ecff001b42efa8dc717cdb31de5a8fd61f1614d7da6f37da9682543e2fb8b7d42fc2a351c607f2cb0e70f4cb98e675864f315c2693edd29c66d9a47395a53758db79109c96861ed6bfb1d07b6a7b62f1a92331593fffc4002310000300020203010100030100000000000001112131104120516130714081a191ffda0008010000013f21e51727477c36355b635ed9ef096c256b0f87fc6175cce8a528de4a34fc1b1b203996f0b466acba07bfc02d2e55e84529d88d3c7a1f0c406f25e0b4ed8c2434272df0e5f45f065e69d710e066f8a5c978fa274506fe8d5f5b7f086d4c3d0fc5bf2436c6301bbc232842549065c098cfe1b2661cf7c3f143ae58f436ca2c6462e0be8b9616448ec60bbc2a376f81d33e8f063d47f386743f2981a162e3d51a876286aafe8c652fc1b7a1087d17384c52c220526c715e1098ec1ef8e8d8c84e1098e57c9d04910f11d0fe04edeb83647c62d88a9c11228421a20c466283d38511727d325211f73d429ca8244391fc62d562260acb66c2f47fe79249047e20265ebb5a325fa12641a6e924389e9c13a4a99c6297dad8ef8ef82d6449909f498d04bd7807c1fd14b32e782826fd1a83e81a82d2276d21c9a312372cf62f7a1369a2349e3d0ce64d189188b4aba2cb1b96514570484719205ae08c908f421660cd8c5b1792e2ad188d8662be8c62348b82f1d14a763d9809f146ce8c474fa38d5644822ca8e9950f1b4f445308636943e876d4b5c14bc29792c371af1bc06d8d04fb1fb42cd6c77ac097fb944372ac34b30f56f0b928d95a2b65e2b3a352c65cb106cfe991b62f6d895ac8fe698d4f3e8c58c37c2a626e3981168cf64d0f7c31e85a1f145a1288b96416219ff638a4aa33b36c518c0d32c3425fe9144e8f86180d190d137557637a1e483d1f19062128b9907d3166495befb2f0af4272830b03ea381becd5e82f037fee879690f246c8178190ff00b121ba3d0de0c8b5c8ff00bb629134f07d88070e13ae1593134b2e1aa8954d3e2171c351fb29dd14fc7149ba309478d19610a627478e84dad362e90dee293dd2a3bc23b7ec31ab57c51d63bf8f884ec789d1b3c222ecd86ba24d8e2111e4e854b93a82711a1e7ec2b2fd9627263966fef378468fae39bc32b7a12f646f0b8a6945c1975491c2132778ff005c26c648ec4e6fd7c3797c3e34527146eaf024aa1ac89d0821f0c9d437e14ad148f3225a379cf6cb72cbf927328bfb08212a2f5c217637c3f667fc8ebffa86dedec57c2fe09c1ca18c49d647a229a1dcaf0c6f46636fcbdbf158364f084f1695c12184a947e39457d71bf094d7345e7fc29d5e78dea395cf085270c4bf0c0ecc7bfac9ca5e0bc61821eff4d733f16647ff00117937090cdbff0011783e1b49446df9427e2bc99688265f92824fcfbe1793b51785fe2d39e4862e5f2c37b5a428f135b43fcea4f362f266b1f466f44492533f93fc18b87e1fffda000c0300000111021100001093805cb016cb0aa6fdd92408202cc91ec1174498eb6240a58784b18f9849b0ce109427a1693725849918a349c4a844fe0e1625949add880a19296d3c4da661530ffa65d922d6b769755738c3e854adf7de001b55329ea07a3c1bb2e920d59149d01ffeb3e540e7ddf17d8e318538b1720b45a160f5fd882ab91530579e02ae807141c858010569430fbf04da41e718500491280d9c7dd44b7514820db694dda55f40c79d5812df419dd77956956581443de40e7cf7df7d10083ca29514ffc4001e11000300020301010100000000000000000001111020213141305161ffda0008010211013f1026dee1e5e12c43a2e563d1e21345591fe14fc18c68d56b651024424429a1cb07858651728ee0aa7cb1d68686313775a5c27c943da8fa8876c51c09c109e9abc7b81a1d84c6c74d31d75d28f2861bac6909c67224a3574bb32910c6d767265479ad613463e0ac23c22b6eb113370f1d0cd05085748feeaf642a6788f69775998841e6890f2f296907add7dd1e6109afbf0a2dcafd69fc3fffc4001c1100030002030100000000000000000000000111102120303141ffda0008010111013f10c3cc10fcc2173a2cb4417b8a52e58a42a2a1a2123c4df2f0fa4da1bd2da1b320c64d0df37a63dd86934251898893d14d0d09709868783cc3768a1613cd8cf442109968d825441a16882135cd8cb4425b14822f84d960b35cfd241b2372153086d8b9a3505854545b6cf35978df0a28bb3eef9cc5cab625b7d171e93b1a179dafb98bb5a59df78edfffc400271001000202020202030003000300000000010011213141516171108191a1b1c1d1e120f0f1ffda0008010000013f101b65ea0dc59f3730871e572ac712f32cbcd4a4a026bcbf10a9475cc6160eb33171f4c5a5ee51aea5a7a7c0cbd7fb4a2ce2d9bc2909b2724f7287a60de6055c5a8347981cf716dee0e8e6108c229817cfe228e567b1856cc9f71b0cfee6e00e7317642e182a1ff34fd0299afc4fc61fe636d2e7bf81b7897e91e5eef11dd25cba8e4dcac4d5a64906fea526cb95b74d4632dcd5cb870c1a7cc1a7fb14e38788c22810bdd46360b4b7822875caba82fc03fccba19769fd4b4fc4139dcbd4771a44bf5357349d26a7d8a8e5f6ea6d73d44af09b9989fb9607552cd56a567b7c4129e53223a66857728aa5adee3281ea5c2703f9fec61044a23861db9e61d7713f507112aa5d5752ef1166ce65409abea01cbd5cfa812cb634712f632b112b8966e7ece6637cb5c4a06f2c6cd458e93885c76473c3584e25260d5640e20a74b312ebc4173445612a05beb53295515552848b5ee2a5e2566417a8dbf398db458e3b2dee09a2f6d732a3653e255a1fad4ce2d966c950300cb50c6c5c9329420751628003accacb088dca71b11925d622aaf72ec45f8a9c4bb9a8881e656fc43f24b10961ea2d73894db4ea54c0e0bb258accd2a8e260e7c232603766e18516efdc1308b615a85a0078331eab4317143a704b599ab8413b2595e272ad51f03995515482efd4c25bcc4fccb2e1417c306fd22a8c3eaa0a14b54855d58d4bce1784801a1f529b32f3337c2606aab1734f60432e419582c49fc5456c312c5da597d455dd32dd47c195499777057d4b54767897a664155c6e7bc8998439ee74b5dcac6e9404ba50f39d4a0102ee5255316285f1152e7a096fc9c24b1d09a7b97465f0605e20a666af3705a7665aba6aea5d2af8979c5e253c110ea159890d199c425307930a641b1818b344ddce659a15ab60acac3a2562e11a63158a3198c9955c405604a0e297598816ae432e7ae187bab1b85d72dceb81b9a440033c7c5f323e7fb9e58bee2a1bf304ee0c56658a3a956a0d988e149995ae915f799673132c5906801b13b8c78111291d144a1b36b6cb02da99522ba164b38004a49ac43d568283d451324370d7906617db1c840088ca400fa955c35f3313e25c7bee25e4977731991a878b12972aeb106ea2864d6277e284d8db514e847cc8de0ae656b6e61744a9a83c271306b0a729b9d11f50a5ea55e2276c385434143fb980f4626ff516c75a822bd4caa303625a159fd4a173bd9168dd3002da5ca2fb8e8f05427018b809f9d88775419f70981abdee6601f71732b50c586a7f0960d417da989c22b12c8ee580213337c46f5ea62789c8e2a17afd46ad4dbd461f7042cb86e5c6f339751bdf860d7a2a5bf696398670bf315f464b95890ad30587666c67b1b5cd8653e0d472bd5c312a16ce864aaef12d2b82a3606ac96afbc4abc59020f23331ee2bd4bf82f0737798de598b5f7047919573d5ca8f00c5fa46c4cd4a5178108208187ccc5bc1d240280b96e0536539f828bdc5af30882605ab615128bab9b8d3c28f89680e61b0f04763a8af86fe22f733f7702a3bd4a8ce61666de236b943c93047d60aabccb83fb096c4e236102dd39094ad55f106162b6453b0d77a958d8ee6716fdca2e2a6b5aa788a10709607244be14105874b8a8d1cf0c57f48a3494770a1bb0710cd23dbbea5ec3552b799401cab1a17c4572d78ba6ce19780a601c31b5730fa4e26e53c6210218d953462af1089cee50b830f97a2607a12c6d654569ee12812d9af07d40e81a2996e65316ef9660bc467ea3b1dea5efdc00663bbe04b737ce65506bda014775a948c68633e01c4e78a610c82f22305aa091434b0d9500425e4f12d6304e5cb051651aa8e408534e8956e7379653d9a1d5fe604a5a2c1d44bdde7b8516190992c37eac177d35124aa62b39a946bb34c5af33a408dd46f03280514c4da86f7152e10c311f21b2ea6807886ab4f64132578c40edaf700d02f152fe0081b4514870466c4cab2ebe07c6b92f72876362c0f59f3307bc66365e934019d4fec103393058dc147bb86141b011f685665cf2c88172d5699f8253dbca47dc044611d9a0bef99c5c31a36bf700e59d804b0a0a52388bbe576bb597446ccdc0f996fb7863c66870e66045dc7133782ec82df4731451476429b897c4e20be3244346b11d5f004016c04a6367839202f0ba8acd9731e752d57bb63d47069a812e3106f0ee1a814522154a2ab6af718afd40e3b8116f13c9cf6cba614ddb9ee5364e42ea5cda0f571418d6e56b5f99ea8e22eecab8321aac4aac6efb96f677505e01925c720ea3fd8e27b2d6200d1adc280ade29889254a3cd7a8e44556d56e607716e102afb9572abdccb2eb106a0cb99046ec60550169ee23b962f7ee544e46044e9102de60b69932441e8ea5e73ccabffb2a9ee2960db275305d036b2f000b547714a8abcdc5f4e4963e3dcabccaae636f5297c13fb2be06a592afd4b02588e1206ca915e8663813c45579f881494a633a8ab9b97572ad650a37e600c145191b68196d80281d45ab76bcc332aa5713ff008455f5026f716e054bb96661d43ae25cb97194ca5857f622150ec971ee6fe1655b2d3b95722f0a4d5ffedcab4aaf8a838c7bcbb81798dbd4159e587e632abea04a952cecc6fbbb9f84662ddc2567ea26606a05be2316543651b8950a15a3c40a89f0434c132cbb951704b1eaa5dcf12ac895fe60504acb3515b190e22a28ccb9ee382704255ca8144607d4dfa9dc097780c407932ee2cb3dcba21963fb831125c62c2dc7198f072c76fe1352be704dfc6be373495798b50b408b07f902fdc2e540f859e6270b7d44bd5219816bee557572a57c7fb8d4a8fc6e18957ff62d7702f2cab8e232e8860fc6a2d102e2980855ed628bdad32aa57fe065945ce624fc7e654cfd4ba9befe5c4bb9b63dc3e55c0c45146ba8e9787e2fdd4b8e655c1ad4ef9f84bffb32984a8cd7333e19716e2c307d478fb84a9adc6119700389ee2e54a895352e8850db4f12f991b2f0c65551b952a6a04ab95516302fd23a6719b97f173f32ca800737165f7b9cc58ad952aa2592bf51ccbff93fb2adf72d1c6370704ea2d4dbf518296611c254fb40f83fa80b3ae6520258692105ac787f716b8ccaf9ea5d7c8d7920e93ea04b0a76d4bbb97f2f334cd3e24d12ee12e3a120ab80a8bc43140c027539f823c47e5981896c77f50830e27719a1f0270f83e3ffd9);

-- --------------------------------------------------------

--
-- Table structure for table `students`
--

CREATE TABLE `students` (
  `st_id` int(11) NOT NULL,
  `st_first_name` varchar(50) NOT NULL,
  `st_last_name` varchar(50) NOT NULL,
  `st_gender` varchar(6) NOT NULL,
  `st_dob` date NOT NULL,
  `st_blood` varchar(10) NOT NULL,
  `st_phone` bigint(11) NOT NULL,
  `st_email` varchar(200) NOT NULL,
  `st_status` varchar(200) NOT NULL,
  `st_medical_info` varchar(500) NOT NULL,
  `st_add_info` varchar(500) NOT NULL,
  `st_image` mediumblob NOT NULL
) ENGINE=InnoDB DEFAULT CHARSET=utf8mb4;

--
-- Dumping data for table `students`
--

INSERT INTO `students` (`st_id`, `st_first_name`, `st_last_name`, `st_gender`, `st_dob`, `st_blood`, `st_phone`, `st_email`, `st_status`, `st_medical_info`, `st_add_info`, `st_image`) VALUES
(1, 'Haris', 'Noori', 'male', '2004-08-05', '', 3105625584, '', 'Very Poor', '', '', ''),
(2, 'Haris', 'Noori', 'male', '2004-08-05', '', 3105625584, '', 'Very Poor', '', '', ''),
(3, 'Haris', 'Noori', 'male', '2004-08-05', '', 3105625584, '', 'Very Poor', '', '', ''),
(4, 'Haris', 'Noori', 'male', '2004-08-05', '', 3105625584, '', 'Very Poor', '', '', ''),
(5, 'Haris', 'Noori', 'male', '2004-08-05', '', 3105625584, '', 'Very Poor', '', '', ''),
(6, 'Haris', 'Noori', 'male', '2004-08-05', '', 3105625584, '', 'Very Poor', '', '', ''),
(7, 'Haris', 'Noori', 'male', '2004-08-05', '', 3105625584, '', 'Very Poor', '', '', ''),
(8, 'Haris', 'Noori', 'male', '2004-08-05', '', 3105625584, '', 'Very Poor', '', '', ''),
(9, 'dfd', 'dsc', 'Not Sp', '0000-00-00', 'Not Specif', 0, '', 'Not Specified', '', '', ''),
(10, 'Noor', 'Alam', 'Not Sp', '0000-00-00', 'Not Specif', 12345678912, '', 'Not Specified', '', '', ''),
(11, 'Noor', 'Alam', 'Not Sp', '0000-00-00', 'Not Specif', 12345678912, '', 'Not Specified', '', '', '');

-- --------------------------------------------------------

--
-- Table structure for table `student_address`
--

CREATE TABLE `student_address` (
  `st_id` int(11) NOT NULL,
  `st_add_type` varchar(20) NOT NULL,
  `st_st_add` varchar(500) NOT NULL,
  `st_city_add` varchar(500) NOT NULL,
  `st_dis_add` varchar(500) NOT NULL
) ENGINE=InnoDB DEFAULT CHARSET=utf8mb4;

--
-- Dumping data for table `student_address`
--

INSERT INTO `student_address` (`st_id`, `st_add_type`, `st_st_add`, `st_city_add`, `st_dis_add`) VALUES
(1, 'current', 'Flat-9, Block 4/C, Street #10, Sector G-8/1', 'Islamabad', 'Islamabad Capital Territory'),
(1, 'permanent', 'Flat-9, Block 4/C, G-8/1,', 'Islamabad', 'Federal Capital Territory'),
(1, 'current', 'Flat-9, Block 4/C, Street #10, Sector G-8/1', 'Islamabad', 'Islamabad Capital Territory'),
(1, 'permanent', 'Flat-9, Block 4/C, G-8/1,', 'Islamabad', 'Federal Capital Territory'),
(1, 'current', 'Flat-9, Block 4/C, Street #10, Sector G-8/1', 'Islamabad', 'Islamabad Capital Territory'),
(1, 'permanent', 'Flat-9, Block 4/C, G-8/1,', 'Islamabad', 'Federal Capital Territory'),
(1, 'current', 'Flat-9, Block 4/C, Street #10, Sector G-8/1', 'Islamabad', 'Islamabad Capital Territory'),
(1, 'permanent', 'Flat-9, Block 4/C, G-8/1,', 'Islamabad', 'Federal Capital Territory'),
(1, 'current', 'Flat-9, Block 4/C, Street #10, Sector G-8/1', 'Islamabad', 'Islamabad Capital Territory'),
(1, 'permanent', 'Flat-9, Block 4/C, G-8/1,', 'Islamabad', 'Federal Capital Territory'),
(1, 'current', 'Flat-9, Block 4/C, Street #10, Sector G-8/1', 'Islamabad', 'Islamabad Capital Territory'),
(1, 'permanent', 'Flat-9, Block 4/C, G-8/1,', 'Islamabad', 'Federal Capital Territory'),
(1, 'current', 'Flat-9, Block 4/C, Street #10, Sector G-8/1', 'Islamabad', 'Islamabad Capital Territory'),
(1, 'permanent', 'Flat-9, Block 4/C, G-8/1,', 'Islamabad', 'Federal Capital Territory'),
(1, 'current', 'Flat-9, Block 4/C, Street #10, Sector G-8/1', 'Islamabad', 'Islamabad Capital Territory'),
(1, 'permanent', 'Flat-9, Block 4/C, G-8/1,', 'Islamabad', 'Federal Capital Territory'),
(9, 'current', '', '', ''),
(9, 'permanent', '', '', ''),
(10, 'current', '', '', ''),
(10, 'permanent', '', '', ''),
(10, 'current', '', '', ''),
(10, 'permanent', '', '', '');

-- --------------------------------------------------------

--
-- Table structure for table `student_course`
--

CREATE TABLE `student_course` (
  `st_id` int(11) NOT NULL,
  `st_crs_title` varchar(200) NOT NULL,
  `st_crs_time` varchar(200) NOT NULL
) ENGINE=InnoDB DEFAULT CHARSET=utf8mb4;

-- --------------------------------------------------------

--
-- Table structure for table `student_docs`
--

CREATE TABLE `student_docs` (
  `st_id` int(11) NOT NULL,
  `st_file` mediumblob NOT NULL
) ENGINE=InnoDB DEFAULT CHARSET=utf8mb4;

--
-- Dumping data for table `student_docs`
--

INSERT INTO `student_docs` (`st_id`, `st_file`) VALUES
(1, ''),
(1, ''),
(1, ''),
(1, ''),
(1, ''),
(1, ''),
(1, ''),
(1, ''),
(9, ''),
(10, ''),
(10, '');

-- --------------------------------------------------------

--
-- Table structure for table `student_education`
--

CREATE TABLE `student_education` (
  `st_id` int(11) NOT NULL,
  `st_edu_title` varchar(200) NOT NULL,
  `st_edu_inst` varchar(200) NOT NULL,
  `st_edu_year` date NOT NULL,
  `st_edu_info` varchar(500) NOT NULL
) ENGINE=InnoDB DEFAULT CHARSET=utf8mb4;

--
-- Dumping data for table `student_education`
--

INSERT INTO `student_education` (`st_id`, `st_edu_title`, `st_edu_inst`, `st_edu_year`, `st_edu_info`) VALUES
(1, 'Level 3', 'SuperNova School', '2020-04-08', ''),
(10, 'F.Sc', 'F-8/4 Model School Islamabad', '2020-08-05', '70% marks'),
(10, 'F.Sc', 'F-8/4 Model School Islamabad', '2020-08-05', '70% marks');

-- --------------------------------------------------------

--
-- Table structure for table `student_guardian`
--

CREATE TABLE `student_guardian` (
  `st_id` int(11) NOT NULL,
  `st_father_name` varchar(200) NOT NULL,
  `st_father_phone` bigint(20) NOT NULL,
  `st_father_cnic` bigint(20) NOT NULL,
  `st_father_occup` varchar(400) NOT NULL,
  `st_mother_name` varchar(100) NOT NULL,
  `st_guard_name` varchar(100) NOT NULL,
  `st_guard_rel` varchar(100) NOT NULL,
  `st_guard_phone` bigint(20) NOT NULL
) ENGINE=InnoDB DEFAULT CHARSET=utf8mb4;

--
-- Dumping data for table `student_guardian`
--

INSERT INTO `student_guardian` (`st_id`, `st_father_name`, `st_father_phone`, `st_father_cnic`, `st_father_occup`, `st_mother_name`, `st_guard_name`, `st_guard_rel`, `st_guard_phone`) VALUES
(1, '', 0, 0, '', '', '', '', 0),
(1, '', 0, 0, '', '', '', '', 0),
(1, '', 0, 0, '', '', '', '', 0),
(1, '', 0, 0, '', '', '', '', 0),
(1, '', 0, 0, '', '', '', '', 0),
(1, '', 0, 0, '', '', '', '', 0),
(1, '', 0, 0, '', '', '', '', 0),
(1, '', 0, 0, '', '', '', '', 0),
(9, '', 0, 0, '', '', '', '', 0),
(10, '', 0, 0, '', '', '', '', 0),
(10, '', 0, 0, '', '', '', '', 0);

--
-- Indexes for dumped tables
--

--
-- Indexes for table `admins`
--
ALTER TABLE `admins`
  ADD PRIMARY KEY (`admin_id`),
  ADD UNIQUE KEY `admin_name` (`admin_name`);

--
-- Indexes for table `students`
--
ALTER TABLE `students`
  ADD PRIMARY KEY (`st_id`);

--
-- Indexes for table `student_address`
--
ALTER TABLE `student_address`
  ADD KEY `st_id_address` (`st_id`);

--
-- Indexes for table `student_course`
--
ALTER TABLE `student_course`
  ADD KEY `st_id_course` (`st_id`);

--
-- Indexes for table `student_docs`
--
ALTER TABLE `student_docs`
  ADD KEY `st_id_docs` (`st_id`);

--
-- Indexes for table `student_education`
--
ALTER TABLE `student_education`
  ADD KEY `st_education_id` (`st_id`);

--
-- Indexes for table `student_guardian`
--
ALTER TABLE `student_guardian`
  ADD KEY `st_id` (`st_id`);

--
-- AUTO_INCREMENT for dumped tables
--

--
-- AUTO_INCREMENT for table `admins`
--
ALTER TABLE `admins`
  MODIFY `admin_id` int(11) NOT NULL AUTO_INCREMENT, AUTO_INCREMENT=3;

--
-- AUTO_INCREMENT for table `students`
--
ALTER TABLE `students`
  MODIFY `st_id` int(11) NOT NULL AUTO_INCREMENT, AUTO_INCREMENT=12;

--
-- Constraints for dumped tables
--

--
-- Constraints for table `student_address`
--
ALTER TABLE `student_address`
  ADD CONSTRAINT `st_id_address` FOREIGN KEY (`st_id`) REFERENCES `students` (`st_id`) ON DELETE CASCADE ON UPDATE CASCADE;

--
-- Constraints for table `student_docs`
--
ALTER TABLE `student_docs`
  ADD CONSTRAINT `st_id_docs` FOREIGN KEY (`st_id`) REFERENCES `students` (`st_id`) ON DELETE CASCADE ON UPDATE CASCADE;

--
-- Constraints for table `student_education`
--
ALTER TABLE `student_education`
  ADD CONSTRAINT `st_id_education` FOREIGN KEY (`st_id`) REFERENCES `students` (`st_id`) ON DELETE CASCADE ON UPDATE CASCADE;

--
-- Constraints for table `student_guardian`
--
ALTER TABLE `student_guardian`
  ADD CONSTRAINT `st_id` FOREIGN KEY (`st_id`) REFERENCES `students` (`st_id`) ON DELETE CASCADE ON UPDATE CASCADE;
COMMIT;

/*!40101 SET CHARACTER_SET_CLIENT=@OLD_CHARACTER_SET_CLIENT */;
/*!40101 SET CHARACTER_SET_RESULTS=@OLD_CHARACTER_SET_RESULTS */;
/*!40101 SET COLLATION_CONNECTION=@OLD_COLLATION_CONNECTION */;
